{
  "simple_cnn_large": {
    "test_acc": 0.9506579041481018,
    "test_loss": 0.1670699566602707,
    "best_val_acc": 0.967051088809967,
    "epochs": 66,
    "confusion_matrix": [
      [
        58,
        0,
        2,
        0,
        0
      ],
      [
        0,
        70,
        0,
        0,
        1
      ],
      [
        0,
        1,
        55,
        0,
        0
      ],
      [
        0,
        1,
        0,
        53,
        2
      ],
      [
        1,
        5,
        0,
        2,
        53
      ]
    ]
  },
  "basic_transformer_vit": {
    "test_acc": 0.8388158082962036,
    "test_loss": 0.5426458716392517,
    "best_val_acc": 0.8797364234924316,
    "epochs": 110,
    "confusion_matrix": [
      [
        52,
        2,
        4,
        2,
        0
      ],
      [
        2,
        60,
        6,
        2,
        1
      ],
      [
        0,
        4,
        50,
        2,
        0
      ],
      [
        1,
        5,
        6,
        40,
        4
      ],
      [
        3,
        3,
        2,
        0,
        53
      ]
    ]
  },
  "improved_transformer_cnn": {
    "test_acc": 0.8815789222717285,
    "test_loss": 0.679196298122406,
    "best_val_acc": 0.9044480919837952,
    "epochs": 73,
    "confusion_matrix": [
      [
        57,
        0,
        2,
        1,
        0
      ],
      [
        5,
        60,
        2,
        1,
        3
      ],
      [
        1,
        0,
        52,
        3,
        0
      ],
      [
        1,
        3,
        1,
        47,
        4
      ],
      [
        3,
        4,
        0,
        2,
        52
      ]
    ]
  },
  "cls_token_transformer_cnn": {
    "test_acc": 0.8947368264198303,
    "test_loss": 0.6472324132919312,
    "best_val_acc": 0.9028006792068481,
    "epochs": 131,
    "confusion_matrix": [
      [
        55,
        2,
        1,
        1,
        1
      ],
      [
        3,
        66,
        2,
        0,
        0
      ],
      [
        1,
        2,
        49,
        4,
        0
      ],
      [
        2,
        0,
        2,
        48,
        4
      ],
      [
        2,
        3,
        0,
        2,
        54
      ]
    ]
  },
  "relative_pos_transformer_cnn": {
    "test_acc": 0.8980262875556946,
    "test_loss": 0.6197096109390259,
    "best_val_acc": 0.9275123476982117,
    "epochs": 66,
    "confusion_matrix": [
      [
        57,
        2,
        1,
        0,
        0
      ],
      [
        0,
        70,
        0,
        0,
        1
      ],
      [
        0,
        4,
        50,
        2,
        0
      ],
      [
        3,
        4,
        0,
        44,
        5
      ],
      [
        2,
        4,
        1,
        2,
        52
      ]
    ]
  },
  "hybrid_cnn_transformer": {
    "test_acc": 0.9046052694320679,
    "test_loss": 0.628853440284729,
    "best_val_acc": 0.95222407579422,
    "epochs": 71,
    "confusion_matrix": [
      [
        55,
        3,
        1,
        1,
        0
      ],
      [
        1,
        65,
        2,
        1,
        2
      ],
      [
        0,
        2,
        53,
        1,
        0
      ],
      [
        0,
        1,
        3,
        49,
        3
      ],
      [
        2,
        2,
        3,
        1,
        53
      ]
    ]
  },
  "lstm_model": {
    "test_acc": 0.6973684430122375,
    "test_loss": 1.7203766107559204,
    "best_val_acc": 0.7364085912704468,
    "epochs": 100,
    "confusion_matrix": [
      [
        40,
        15,
        3,
        0,
        2
      ],
      [
        9,
        43,
        12,
        7,
        0
      ],
      [
        5,
        9,
        37,
        5,
        0
      ],
      [
        0,
        6,
        6,
        39,
        5
      ],
      [
        1,
        3,
        1,
        3,
        53
      ]
    ]
  },
  "cnn_lstm_model": {
    "test_acc": 0.8782894611358643,
    "test_loss": 0.3352211117744446,
    "best_val_acc": 0.9126853346824646,
    "epochs": 32,
    "confusion_matrix": [
      [
        49,
        6,
        3,
        1,
        1
      ],
      [
        1,
        65,
        3,
        1,
        1
      ],
      [
        1,
        1,
        52,
        2,
        0
      ],
      [
        1,
        3,
        0,
        48,
        4
      ],
      [
        1,
        5,
        1,
        1,
        53
      ]
    ]
  }
}